Feature,MLP Projected Gain Importance
hbv_original_glcm_Imc1,0.36131974851160154
hbv_wavelet-LLH_firstorder_Minimum,0.34340561183472457
t2w_wavelet-HLH_glszm_ZoneEntropy,0.34295876511465934
t2w_wavelet-LLL_glszm_SizeZoneNonUniformityNormalized,0.3228221764190092
hbv_wavelet-HLL_firstorder_Minimum,0.31759805627795523
adc_original_shape_Sphericity,0.313933512239961
hbv_log-sigma-5-0-mm-3D_firstorder_Minimum,0.31286479502655457
hbv_wavelet-LHL_firstorder_Minimum,0.3115790597115761
hbv_wavelet-HHH_glszm_SmallAreaEmphasis,0.306926131837744
hbv_wavelet-HHH_firstorder_Minimum,0.2995349099785888
adc_wavelet-HLH_firstorder_Minimum,0.2994219304643067
hbv_log-sigma-3-0-mm-3D_firstorder_Minimum,0.2991065775370709
hbv_wavelet-HLH_firstorder_Minimum,0.2933120543496955
hbv_wavelet-LLL_glcm_Imc1,0.2871977271971701
hbv_wavelet-HHL_firstorder_Minimum,0.28517293697543034
hbv_wavelet-HHL_glcm_Imc2,0.28514571135600925
t2w_log-sigma-3-0-mm-3D_glcm_ClusterShade,0.28293662977578937
t2w_wavelet-LHH_firstorder_10Percentile,0.2800223386977176
adc_wavelet-LHL_glcm_Imc1,0.278366932957222
hbv_wavelet-LHH_firstorder_Mean,0.2782113302809515
adc_log-sigma-5-0-mm-3D_glszm_GrayLevelNonUniformityNormalized,0.2777714303281714
hbv_wavelet-HLH_firstorder_Skewness,0.2762883493387941
hbv_wavelet-LLH_firstorder_Mean,0.27128194472717043
adc_wavelet-LHH_glszm_SizeZoneNonUniformityNormalized,0.2707685013028634
adc_wavelet-HHL_glcm_Imc1,0.27053488062262143
adc_log-sigma-3-0-mm-3D_firstorder_Minimum,0.26870495260477484
adc_wavelet-LHH_firstorder_Entropy,0.2665874013707623
hbv_wavelet-HLH_glszm_ZoneEntropy,0.2601114450314001
adc_wavelet-LHH_glcm_Imc1,0.25903238642953724
adc_wavelet-LHH_glszm_ZoneEntropy,0.2572688918359126
hbv_log-sigma-3-0-mm-3D_glcm_Imc2,0.25711418673078024
adc_wavelet-HHL_gldm_SmallDependenceLowGrayLevelEmphasis,0.2569502602858517
t2w_wavelet-HHH_firstorder_Minimum,0.2563741154653772
t2w_log-sigma-5-0-mm-3D_glcm_Imc1,0.25543271697162206
adc_wavelet-HHH_glcm_Imc1,0.25386561371794775
t2w_wavelet-LHL_firstorder_Minimum,0.24830692547462155
hbv_wavelet-LHH_firstorder_Median,0.24785587625039737
hbv_wavelet-HLL_glcm_Imc2,0.24746462201193625
adc_wavelet-HLL_firstorder_Minimum,0.24702716665476568
t2w_wavelet-HHH_glcm_Imc1,0.24383618674702465
t2w_wavelet-HLL_firstorder_10Percentile,0.24320857419745381
hbv_wavelet-LHL_glcm_ClusterShade,0.24175452921355578
t2w_wavelet-HLL_firstorder_Median,0.23950045580437007
t2w_wavelet-HHH_firstorder_10Percentile,0.23889253899969684
t2w_log-sigma-3-0-mm-3D_firstorder_Minimum,0.23867800517112858
adc_wavelet-HLL_glcm_Correlation,0.23729638748560541
hbv_wavelet-LHH_firstorder_Minimum,0.23681952976191384
adc_wavelet-HLL_firstorder_10Percentile,0.23503611267035462
hbv_wavelet-LLH_glcm_ClusterShade,0.23348396338395236
t2w_wavelet-HHH_glszm_ZoneEntropy,0.23254132883969048
adc_wavelet-HLL_glszm_ZoneEntropy,0.23205329423185972
hbv_wavelet-HLL_glcm_ClusterShade,0.23184867397399492
adc_log-sigma-5-0-mm-3D_firstorder_Minimum,0.2311640836052445
adc_wavelet-LLH_firstorder_Minimum,0.23097278896640835
hbv_log-sigma-3-0-mm-3D_firstorder_10Percentile,0.2305978604843712
adc_wavelet-LLH_firstorder_10Percentile,0.22957472641931664
adc_wavelet-LHL_glcm_Idmn,0.22797382761771248
hbv_wavelet-HHH_firstorder_Skewness,0.2274798335147619
hbv_wavelet-LLH_firstorder_Entropy,0.22701477900036107
adc_wavelet-LHL_firstorder_10Percentile,0.22616805411556445
adc_wavelet-HLH_firstorder_10Percentile,0.22610165843059485
hbv_wavelet-HLL_glszm_ZoneEntropy,0.2258963009541854
t2w_wavelet-HHL_firstorder_10Percentile,0.2254624404805056
t2w_log-sigma-3-0-mm-3D_glcm_Imc1,0.22367900193994475
adc_wavelet-HHH_firstorder_Minimum,0.22277386602362403
hbv_wavelet-LHH_glcm_Imc2,0.22222841319629733
adc_wavelet-LHH_glcm_Imc2,0.22199091238783777
hbv_wavelet-LHH_firstorder_Skewness,0.22087105576755878
hbv_wavelet-LLH_firstorder_Skewness,0.21994882907151442
t2w_wavelet-HLH_firstorder_Minimum,0.21586093070719528
adc_wavelet-HHH_glszm_ZoneEntropy,0.21557377348153284
t2w_wavelet-HLH_ngtdm_Contrast,0.21477907967547033
hbv_wavelet-HLH_glcm_Imc2,0.21467174110605147
adc_wavelet-HHH_glcm_ClusterShade,0.21365876788936583
t2w_wavelet-LHH_glcm_Imc1,0.2133342545333151
hbv_log-sigma-3-0-mm-3D_glcm_Idmn,0.21190522428203604
t2w_wavelet-HLL_glcm_Imc1,0.21011500262924912
adc_wavelet-HHL_firstorder_10Percentile,0.2094477741774056
adc_original_glcm_ClusterShade,0.2079220635451095
adc_wavelet-HHL_glcm_Imc2,0.20443934518367138
hbv_log-sigma-3-0-mm-3D_firstorder_Mean,0.203956272491593
adc_wavelet-HHL_firstorder_Median,0.20307614730846774
hbv_wavelet-LLH_glcm_Imc1,0.20282465065821176
adc_wavelet-HLH_glcm_Imc1,0.20269958142135755
t2w_original_glcm_Imc1,0.20118533949647274
t2w_log-sigma-5-0-mm-3D_firstorder_Minimum,0.20083697286482244
hbv_log-sigma-5-0-mm-3D_firstorder_Skewness,0.19998291172956398
adc_original_ngtdm_Coarseness,0.19985306076196574
t2w_wavelet-LLH_glcm_ClusterShade,0.1992433156905363
hbv_wavelet-HLH_glszm_SizeZoneNonUniformityNormalized,0.19878535841583228
t2w_wavelet-LHL_ngtdm_Contrast,0.19864516968084844
adc_wavelet-HHL_firstorder_Minimum,0.19708861425952034
adc_wavelet-LHH_firstorder_10Percentile,0.19704964712680173
hbv_wavelet-HLH_firstorder_10Percentile,0.19632821340651918
t2w_wavelet-LHH_glcm_Idmn,0.19590366299735076
adc_wavelet-HHL_ngtdm_Contrast,0.1955953356079232
hbv_wavelet-HLH_gldm_SmallDependenceLowGrayLevelEmphasis,0.1955309872363517
t2w_wavelet-LLH_glcm_Imc2,0.19412829832247128
t2w_wavelet-LHL_firstorder_InterquartileRange,0.194126215258007
t2w_wavelet-HLH_glcm_Imc1,0.19390184762342447
adc_wavelet-LLL_glcm_Imc1,0.19387830873414094
adc_wavelet-HLH_glcm_ClusterShade,0.19309425672149355
adc_log-sigma-3-0-mm-3D_ngtdm_Coarseness,0.19256277417181705
t2w_wavelet-LLH_glcm_Imc1,0.1919426521591346
hbv_log-sigma-5-0-mm-3D_glcm_Imc1,0.19192604280331113
hbv_wavelet-HLH_glcm_Imc1,0.19188374162524685
adc_log-sigma-5-0-mm-3D_glcm_Imc1,0.19147351359759351
hbv_log-sigma-5-0-mm-3D_glcm_Idmn,0.19119862300841717
adc_wavelet-LHH_ngtdm_Contrast,0.19030374991915616
t2w_wavelet-LLH_firstorder_Minimum,0.1902618921725912
t2w_log-sigma-5-0-mm-3D_glszm_GrayLevelNonUniformityNormalized,0.1900698228385572
t2w_wavelet-HHL_ngtdm_Contrast,0.19006420407260083
adc_wavelet-LLL_glcm_JointEnergy,0.18910840140282187
adc_wavelet-HHH_firstorder_10Percentile,0.18706505270873255
hbv_wavelet-HHH_glcm_ClusterShade,0.18659673792727965
hbv_original_glcm_Idmn,0.18651715935812946
adc_wavelet-LLH_glcm_Idmn,0.1864896723890475
adc_wavelet-LLH_glcm_Imc2,0.18632337598041715
adc_log-sigma-3-0-mm-3D_gldm_LargeDependenceHighGrayLevelEmphasis,0.18606489117605
adc_log-sigma-5-0-mm-3D_glcm_Imc2,0.18596062584773224
t2w_wavelet-LHH_firstorder_Minimum,0.18577286499151144
hbv_wavelet-LHL_glcm_Imc1,0.1846355385812471
hbv_wavelet-LLL_gldm_SmallDependenceLowGrayLevelEmphasis,0.1838126676130436
t2w_wavelet-LHL_glszm_SizeZoneNonUniformityNormalized,0.18350997101259697
hbv_log-sigma-3-0-mm-3D_glszm_ZoneEntropy,0.18333815874913034
adc_log-sigma-3-0-mm-3D_glcm_Imc1,0.18240747552011327
adc_wavelet-LLL_ngtdm_Strength,0.18139308940352888
t2w_wavelet-HHL_firstorder_Minimum,0.18130333374180038
adc_log-sigma-3-0-mm-3D_glszm_ZoneEntropy,0.18076526288809824
adc_wavelet-HHH_ngtdm_Contrast,0.1805512011099675
adc_wavelet-LLH_ngtdm_Contrast,0.18014611386366003
hbv_wavelet-LHL_gldm_SmallDependenceLowGrayLevelEmphasis,0.18003194755415516
t2w_log-sigma-3-0-mm-3D_firstorder_10Percentile,0.17990922966380157
hbv_wavelet-HHH_glcm_Idmn,0.17973291499592003
t2w_log-sigma-3-0-mm-3D_firstorder_Entropy,0.17967784492367303
hbv_wavelet-HLH_firstorder_Median,0.17926921086639075
hbv_wavelet-HLL_firstorder_Entropy,0.1785847169310748
adc_wavelet-HHH_firstorder_Skewness,0.1784298000987689
adc_original_glcm_Imc1,0.17819326367467614
hbv_log-sigma-3-0-mm-3D_firstorder_Skewness,0.17726184891209762
t2w_wavelet-HLL_firstorder_Minimum,0.17725580614848052
adc_wavelet-HHL_glszm_SizeZoneNonUniformityNormalized,0.1751366046487505
adc_wavelet-LLH_firstorder_Skewness,0.17388907248240196
hbv_wavelet-HHH_glcm_Imc1,0.17352820068005462
hbv_wavelet-LLL_firstorder_Uniformity,0.17258232625683362
hbv_original_glcm_DifferenceEntropy,0.17250148959831454
hbv_wavelet-HHL_glszm_SizeZoneNonUniformityNormalized,0.17245442650090892
t2w_wavelet-LLH_firstorder_Entropy,0.17236598280438517
hbv_wavelet-LLH_glszm_ZoneEntropy,0.17219975079270564
adc_log-sigma-3-0-mm-3D_firstorder_10Percentile,0.16981029076276263
hbv_wavelet-HLL_firstorder_Mean,0.16893936221485845
adc_wavelet-LHL_firstorder_Median,0.1681194979898191
t2w_wavelet-HHH_glcm_Idmn,0.167986895218678
adc_log-sigma-3-0-mm-3D_glcm_Imc2,0.1672711812991608
hbv_wavelet-HHH_firstorder_Median,0.1672361949080488
t2w_wavelet-HHL_glcm_Imc1,0.16693467859430453
hbv_wavelet-LLH_firstorder_Median,0.16689317243459117
hbv_original_firstorder_10Percentile,0.16590588259670355
adc_wavelet-HLH_firstorder_Skewness,0.16588868254413172
adc_wavelet-HLL_glcm_Imc1,0.16531560216639585
t2w_wavelet-HLL_glrlm_LongRunLowGrayLevelEmphasis,0.16524721143887391
adc_original_glcm_Imc2,0.16521903474268468
hbv_original_glcm_Contrast,0.16491823285297616
t2w_log-sigma-5-0-mm-3D_glcm_MaximumProbability,0.1648346987460276
hbv_wavelet-LHH_glcm_ClusterShade,0.1642665059833993
t2w_log-sigma-3-0-mm-3D_firstorder_Skewness,0.16366794134898596
t2w_log-sigma-5-0-mm-3D_glcm_Idmn,0.1636184539223438
hbv_wavelet-HLL_glcm_Imc1,0.1629485782478689
hbv_log-sigma-3-0-mm-3D_glcm_Correlation,0.16287134095836872
t2w_wavelet-LHL_firstorder_10Percentile,0.16201971970378096
adc_wavelet-HHH_firstorder_Entropy,0.16194296189636154
hbv_wavelet-LHH_ngtdm_Strength,0.1610478481761978
adc_wavelet-LHL_firstorder_Skewness,0.1594493708053608
adc_wavelet-LLH_firstorder_Entropy,0.15942490937035583
hbv_wavelet-HLH_ngtdm_Contrast,0.15879813276522536
hbv_wavelet-HLL_gldm_SmallDependenceLowGrayLevelEmphasis,0.15856619154619084
hbv_log-sigma-3-0-mm-3D_firstorder_RootMeanSquared,0.15812699162019644
adc_wavelet-HLH_glcm_Idmn,0.15720595421216138
adc_wavelet-LHL_firstorder_Entropy,0.15682462487425375
hbv_wavelet-LHH_gldm_SmallDependenceLowGrayLevelEmphasis,0.15570257622626663
t2w_wavelet-HLH_firstorder_10Percentile,0.15555327286791515
t2w_wavelet-LLH_firstorder_InterquartileRange,0.15542400958285285
t2w_wavelet-HLL_ngtdm_Contrast,0.15517886061971184
adc_wavelet-HHL_firstorder_Entropy,0.15507901426851517
hbv_wavelet-LHL_firstorder_Uniformity,0.15431837157705477
t2w_log-sigma-3-0-mm-3D_glcm_Imc2,0.15431811601694323
adc_log-sigma-3-0-mm-3D_glcm_ClusterShade,0.1538194952492369
adc_wavelet-LHL_firstorder_Minimum,0.153761496805909
t2w_log-sigma-5-0-mm-3D_firstorder_90Percentile,0.15296323002548368
adc_log-sigma-5-0-mm-3D_gldm_LargeDependenceHighGrayLevelEmphasis,0.15180343472055613
adc_wavelet-LLH_glcm_Imc1,0.15131185356030713
adc_wavelet-LHH_firstorder_Minimum,0.15108360778819738
hbv_wavelet-LLH_firstorder_RootMeanSquared,0.15106307535619126
adc_wavelet-LHL_glszm_SizeZoneNonUniformityNormalized,0.15087760611009066
adc_wavelet-LLH_glcm_ClusterShade,0.1505021048648821
hbv_wavelet-LHL_firstorder_Median,0.1500209592658483
adc_wavelet-HLH_glcm_Imc2,0.14994447768063407
t2w_wavelet-HLH_firstorder_Range,0.1496938363852687
adc_wavelet-LHH_glcm_ClusterShade,0.14943491901881703
t2w_wavelet-HLH_glcm_Idmn,0.14882165675076625
adc_wavelet-LHL_glcm_Correlation,0.1485026536426813
t2w_wavelet-LHL_glcm_Idmn,0.14824936243752723
hbv_wavelet-HHH_gldm_SmallDependenceLowGrayLevelEmphasis,0.147743457426671
adc_log-sigma-5-0-mm-3D_firstorder_Maximum,0.1474697059999177
t2w_wavelet-HHL_firstorder_Mean,0.14698228186372156
t2w_wavelet-LLH_firstorder_10Percentile,0.14688070111873572
adc_wavelet-HHH_glszm_SizeZoneNonUniformityNormalized,0.14629797023872326
hbv_wavelet-LLL_glcm_Idmn,0.14593159904399935
hbv_wavelet-LHH_glcm_Idmn,0.14460751556517193
hbv_log-sigma-5-0-mm-3D_gldm_SmallDependenceLowGrayLevelEmphasis,0.14403039329081824
t2w_original_glcm_JointEntropy,0.1439831904130708
hbv_log-sigma-3-0-mm-3D_glszm_GrayLevelNonUniformityNormalized,0.14372331194587878
t2w_wavelet-HHL_glszm_ZoneEntropy,0.141485859482547
hbv_wavelet-HHL_ngtdm_Contrast,0.14142410962250754
hbv_wavelet-LLL_glcm_Imc2,0.1393146869541207
t2w_log-sigma-3-0-mm-3D_firstorder_Maximum,0.13905750880384254
t2w_wavelet-HLL_glcm_Idmn,0.13897577317871462
adc_wavelet-HLL_glcm_Idmn,0.13822600016992778
t2w_log-sigma-3-0-mm-3D_glszm_GrayLevelNonUniformityNormalized,0.13768769764999472
adc_wavelet-HLL_gldm_SmallDependenceLowGrayLevelEmphasis,0.13742866614227361
t2w_wavelet-HLH_firstorder_Skewness,0.13691840124074134
adc_wavelet-HHH_gldm_SmallDependenceLowGrayLevelEmphasis,0.1368752093331644
hbv_log-sigma-5-0-mm-3D_glszm_ZoneEntropy,0.1361319240764397
adc_wavelet-HLH_glszm_GrayLevelNonUniformityNormalized,0.13573215686809878
t2w_wavelet-LLH_gldm_DependenceEntropy,0.1357252048226011
t2w_wavelet-LHH_gldm_LargeDependenceHighGrayLevelEmphasis,0.13566438475211054
hbv_wavelet-LHL_firstorder_Entropy,0.13427400709803086
adc_wavelet-HHH_firstorder_Median,0.13334210034917557
hbv_log-sigma-5-0-mm-3D_glszm_GrayLevelNonUniformityNormalized,0.13252822114294377
adc_wavelet-LLL_glrlm_LongRunLowGrayLevelEmphasis,0.13235973750010338
hbv_log-sigma-3-0-mm-3D_firstorder_Median,0.13032402642549276
adc_log-sigma-5-0-mm-3D_glszm_LowGrayLevelZoneEmphasis,0.129796252525051
adc_wavelet-LHL_glszm_ZoneEntropy,0.12920226067706575
t2w_wavelet-LHH_ngtdm_Contrast,0.1291063202100214
hbv_wavelet-LHL_glcm_Imc2,0.1289536962549361
t2w_wavelet-LHH_glszm_ZoneEntropy,0.12891100696054053
hbv_wavelet-LLH_gldm_SmallDependenceLowGrayLevelEmphasis,0.1278289708840926
hbv_wavelet-HHL_glcm_Imc1,0.12737589466641697
hbv_wavelet-LLH_glcm_Imc2,0.1270379023739822
t2w_wavelet-LLH_firstorder_Skewness,0.12658182206092392
adc_log-sigma-3-0-mm-3D_firstorder_Mean,0.12654451658464588
adc_wavelet-HHL_glszm_ZoneEntropy,0.1255041950613771
adc_log-sigma-5-0-mm-3D_firstorder_90Percentile,0.12535387654758048
t2w_original_firstorder_Entropy,0.12532717439556193
hbv_wavelet-HHL_glcm_Idmn,0.12473958884239149
adc_wavelet-HLL_glcm_Imc2,0.12433780488553745
adc_original_glszm_LargeAreaEmphasis,0.1237615167059694
adc_wavelet-LHL_firstorder_Kurtosis,0.12346408366251048
hbv_wavelet-LHH_firstorder_Maximum,0.1232632232932201
t2w_wavelet-HHH_ngtdm_Strength,0.12306274732926992
adc_wavelet-LLL_glcm_Imc2,0.1229727918757851
adc_wavelet-LHH_firstorder_Skewness,0.12290549998955161
adc_wavelet-HLL_firstorder_Median,0.12252259224079295
t2w_log-sigma-5-0-mm-3D_firstorder_Maximum,0.12244528133067457
adc_wavelet-HLL_glcm_ClusterShade,0.1219463468883115
adc_wavelet-HLL_ngtdm_Strength,0.1211011024863075
hbv_wavelet-LLL_firstorder_Minimum,0.12042892774956547
adc_wavelet-LHL_firstorder_Mean,0.12041250392886074
t2w_log-sigma-3-0-mm-3D_glcm_Idmn,0.12006012643024687
t2w_log-sigma-5-0-mm-3D_firstorder_Skewness,0.12005982032895282
hbv_wavelet-LHL_firstorder_Skewness,0.11958677902705453
t2w_wavelet-HLL_firstorder_Range,0.11931180256171375
t2w_log-sigma-3-0-mm-3D_glcm_Correlation,0.11918361204366074
adc_wavelet-HLH_ngtdm_Strength,0.11880820337161721
hbv_log-sigma-5-0-mm-3D_glcm_Correlation,0.11855110181788815
adc_wavelet-HLL_firstorder_Mean,0.11853582806515814
hbv_wavelet-HLH_firstorder_Mean,0.11705888452179762
hbv_wavelet-HLL_firstorder_Median,0.11676486024026074
adc_wavelet-HLH_glszm_ZoneEntropy,0.11655938874939024
hbv_wavelet-LLL_glcm_JointEntropy,0.11564366788180756
adc_wavelet-HLL_firstorder_RootMeanSquared,0.11552240754964535
t2w_original_firstorder_Skewness,0.11517469752463957
adc_log-sigma-3-0-mm-3D_ngtdm_Contrast,0.1149391693722663
adc_log-sigma-3-0-mm-3D_gldm_DependenceEntropy,0.11470082573059759
adc_wavelet-LLH_ngtdm_Busyness,0.11463092468732088
hbv_log-sigma-5-0-mm-3D_glcm_Imc2,0.11345440866191973
adc_wavelet-LLH_ngtdm_Strength,0.11330535043096138
adc_wavelet-HHL_glszm_GrayLevelNonUniformityNormalized,0.11291380606032315
t2w_wavelet-HHL_gldm_LargeDependenceHighGrayLevelEmphasis,0.11234398356672352
adc_log-sigma-5-0-mm-3D_firstorder_Kurtosis,0.1123087934483591
adc_original_firstorder_Skewness,0.11218877802546103
adc_original_glcm_Idm,0.11202895576900332
t2w_log-sigma-3-0-mm-3D_gldm_SmallDependenceHighGrayLevelEmphasis,0.11192580526112673
adc_wavelet-HHH_glcm_Idmn,0.11164983985490388
t2w_wavelet-HLH_ngtdm_Strength,0.11122121806029397
adc_wavelet-HLL_glszm_LargeAreaLowGrayLevelEmphasis,0.11091580931395599
adc_wavelet-LHL_glcm_Imc2,0.11053667572053169
t2w_original_glrlm_LongRunLowGrayLevelEmphasis,0.10955843805186066
t2w_wavelet-HHH_ngtdm_Contrast,0.10937257430081371
t2w_wavelet-HHL_glszm_SizeZoneNonUniformityNormalized,0.1093148686383533
adc_log-sigma-5-0-mm-3D_glcm_Idmn,0.10879931792202611
t2w_wavelet-LHL_glrlm_LongRunLowGrayLevelEmphasis,0.10878828805837942
adc_wavelet-LHL_ngtdm_Contrast,0.10852981341546047
t2w_wavelet-LHL_glcm_ClusterShade,0.1083923875678352
hbv_log-sigma-3-0-mm-3D_glrlm_GrayLevelNonUniformity,0.10726597760925347
hbv_wavelet-HHH_firstorder_Mean,0.10725001695906303
adc_wavelet-LHH_glcm_Idmn,0.10681045258863595
t2w_wavelet-HLL_ngtdm_Strength,0.10667105223860332
hbv_original_glszm_SizeZoneNonUniformityNormalized,0.10604483998251309
t2w_wavelet-LHL_firstorder_Skewness,0.10569525601960739
adc_wavelet-LHH_firstorder_Variance,0.10564894818567871
adc_wavelet-LHL_glcm_ClusterShade,0.10514070501079129
t2w_log-sigma-3-0-mm-3D_ngtdm_Contrast,0.10505968510394402
hbv_log-sigma-3-0-mm-3D_firstorder_Entropy,0.10462730234646292
t2w_log-sigma-3-0-mm-3D_glszm_SizeZoneNonUniformityNormalized,0.10447104797529284
hbv_wavelet-LLL_ngtdm_Busyness,0.1044221240817897
hbv_wavelet-HHL_firstorder_Mean,0.1043501000055131
t2w_original_glcm_Idmn,0.10412045237612638
hbv_log-sigma-3-0-mm-3D_firstorder_90Percentile,0.10386101144797652
hbv_original_glcm_InverseVariance,0.1038122746425544
t2w_wavelet-HLL_gldm_LargeDependenceLowGrayLevelEmphasis,0.1036747649574639
adc_log-sigma-5-0-mm-3D_ngtdm_Strength,0.10366210771588782
t2w_wavelet-LLH_ngtdm_Contrast,0.1036411501665174
t2w_wavelet-LLL_glszm_ZoneEntropy,0.1033447978041777
adc_wavelet-LHL_gldm_LargeDependenceHighGrayLevelEmphasis,0.10255490193207831
t2w_wavelet-HLL_glszm_SizeZoneNonUniformityNormalized,0.1023215830432739
hbv_original_firstorder_Uniformity,0.1018101934592424
hbv_original_glszm_GrayLevelNonUniformity,0.10164408276258996
hbv_log-sigma-5-0-mm-3D_firstorder_90Percentile,0.10093361833084254
hbv_wavelet-HLH_glcm_Correlation,0.10085450373254157
hbv_wavelet-LHL_glszm_SizeZoneNonUniformity,0.10034183212686251
hbv_original_ngtdm_Coarseness,0.10033706766210651
hbv_wavelet-HHH_ngtdm_Strength,0.10033115931051337
adc_original_firstorder_10Percentile,0.10024190041147814
hbv_original_ngtdm_Strength,0.0997543466217907
t2w_wavelet-HLH_glcm_Correlation,0.09945336800933745
adc_original_ngtdm_Contrast,0.09911502832737218
t2w_wavelet-HHL_glcm_Idmn,0.09884632029585001
adc_wavelet-LLH_ngtdm_Complexity,0.09828273053951739
hbv_wavelet-HLL_glcm_Correlation,0.09809232214979781
hbv_wavelet-LHL_glcm_Idmn,0.097952308889641
t2w_wavelet-HHL_gldm_DependenceEntropy,0.09747686565392759
hbv_wavelet-HHL_glcm_ClusterShade,0.09735357980320213
hbv_original_glrlm_GrayLevelNonUniformity,0.09696630413527911
t2w_wavelet-LHL_firstorder_RootMeanSquared,0.09694334929773382
t2w_wavelet-HLL_firstorder_RootMeanSquared,0.09589092668236072
t2w_wavelet-LLH_firstorder_Maximum,0.09580605662132696
adc_wavelet-HLL_gldm_LargeDependenceHighGrayLevelEmphasis,0.0955299598022775
adc_original_gldm_LargeDependenceHighGrayLevelEmphasis,0.09550405137784818
t2w_log-sigma-5-0-mm-3D_gldm_SmallDependenceHighGrayLevelEmphasis,0.09528131705288337
hbv_wavelet-HLL_ngtdm_Contrast,0.09506291637055576
hbv_wavelet-HLL_ngtdm_Strength,0.09490181149652943
hbv_wavelet-HHL_gldm_SmallDependenceLowGrayLevelEmphasis,0.09401914287035341
t2w_wavelet-HHL_glcm_ClusterShade,0.09392797013762137
hbv_log-sigma-5-0-mm-3D_glszm_SizeZoneNonUniformityNormalized,0.0930168363893661
t2w_wavelet-HLH_firstorder_Maximum,0.0922321206896046
t2w_wavelet-LLL_glcm_Idmn,0.09204122374242331
t2w_wavelet-HLH_gldm_DependenceEntropy,0.09201072190585297
t2w_log-sigma-3-0-mm-3D_glszm_ZoneEntropy,0.09148173551052782
t2w_wavelet-LHL_firstorder_Median,0.09140357275335674
t2w_log-sigma-5-0-mm-3D_glszm_LargeAreaEmphasis,0.09103698621041577
adc_wavelet-HLH_glszm_SizeZoneNonUniformityNormalized,0.09085863253731856
t2w_log-sigma-5-0-mm-3D_glszm_SizeZoneNonUniformityNormalized,0.09081171975350465
t2w_wavelet-LLH_firstorder_Median,0.09020949170911159
t2w_wavelet-HHH_gldm_SmallDependenceLowGrayLevelEmphasis,0.09019616877925926
t2w_log-sigma-5-0-mm-3D_glcm_ClusterShade,0.08973978209512264
hbv_log-sigma-5-0-mm-3D_glszm_SmallAreaLowGrayLevelEmphasis,0.08942962980352868
t2w_wavelet-HLL_gldm_LargeDependenceHighGrayLevelEmphasis,0.08934089704005135
t2w_log-sigma-3-0-mm-3D_firstorder_90Percentile,0.0893367094778653
t2w_wavelet-LLH_firstorder_Kurtosis,0.0890572746395773
t2w_wavelet-LHL_firstorder_Mean,0.08901197507125551
hbv_original_firstorder_Minimum,0.08896009356536523
adc_log-sigma-5-0-mm-3D_glszm_ZoneEntropy,0.08894380528637343
t2w_wavelet-HHL_ngtdm_Strength,0.08878613452734285
t2w_original_gldm_LargeDependenceLowGrayLevelEmphasis,0.0887784147028172
t2w_wavelet-LLH_ngtdm_Strength,0.0886720265569999
t2w_wavelet-LHL_glcm_Imc1,0.08859981051005786
t2w_wavelet-LLH_ngtdm_Busyness,0.0885746562725942
adc_wavelet-LHH_ngtdm_Strength,0.08835195812914541
t2w_log-sigma-3-0-mm-3D_ngtdm_Strength,0.08827319983160088
t2w_log-sigma-5-0-mm-3D_firstorder_Range,0.0880935082208311
adc_wavelet-HLL_ngtdm_Contrast,0.08779072424832787
hbv_original_glcm_Autocorrelation,0.08714871672713836
hbv_wavelet-HLH_glcm_ClusterShade,0.08601007241552666
adc_wavelet-LLL_glcm_Autocorrelation,0.08580893268710023
hbv_log-sigma-5-0-mm-3D_glszm_GrayLevelNonUniformity,0.08536708303739576
t2w_original_glcm_Contrast,0.08531849538723008
adc_wavelet-HLH_ngtdm_Contrast,0.08510630852955565
adc_original_glcm_Idmn,0.0848270771472586
adc_wavelet-HLL_glcm_ClusterProminence,0.08471297949621268
adc_wavelet-LLH_firstorder_90Percentile,0.08445370778912073
t2w_wavelet-HHH_firstorder_Maximum,0.08437251736048866
adc_original_glszm_ZoneEntropy,0.08427583657012566
adc_wavelet-LHH_firstorder_Median,0.08403550434643031
adc_wavelet-HLL_glcm_Autocorrelation,0.0840108348329757
t2w_log-sigma-5-0-mm-3D_glcm_Correlation,0.08382460100793314
t2w_wavelet-LLL_glcm_JointEnergy,0.08382040752507047
t2w_original_firstorder_Minimum,0.08374382876884512
hbv_wavelet-LLL_glcm_Correlation,0.08349614993707978
t2w_wavelet-HHL_glcm_ClusterProminence,0.0832588336604841
adc_wavelet-HHL_firstorder_Skewness,0.08289768187217729
adc_original_glcm_ClusterProminence,0.08281542343174189
hbv_wavelet-LLL_glszm_ZoneEntropy,0.08273475933972534
t2w_wavelet-LLL_glrlm_LongRunLowGrayLevelEmphasis,0.08180241313344386
hbv_wavelet-HHH_glcm_Autocorrelation,0.08119560624558846
adc_original_glszm_SizeZoneNonUniformity,0.08117199322194933
adc_wavelet-LLL_firstorder_Skewness,0.0805392907699854
adc_wavelet-HLH_gldm_LargeDependenceLowGrayLevelEmphasis,0.08039250647396087
adc_wavelet-HLL_gldm_DependenceEntropy,0.08035846191453432
t2w_wavelet-HHH_gldm_LargeDependenceLowGrayLevelEmphasis,0.08024451824697014
hbv_wavelet-HLL_firstorder_Skewness,0.08006439499848167
hbv_wavelet-HLH_glcm_JointEnergy,0.07963645097967569
hbv_original_glszm_LargeAreaEmphasis,0.07920686534705809
adc_log-sigma-3-0-mm-3D_glszm_SizeZoneNonUniformityNormalized,0.07909730161113025
hbv_wavelet-LHL_ngtdm_Strength,0.07907384748320585
t2w_wavelet-HLH_ngtdm_Busyness,0.07896429390944822
hbv_original_glcm_Correlation,0.07842982832113864
adc_original_glcm_Correlation,0.07837842246452478
t2w_wavelet-LLL_glszm_LargeAreaEmphasis,0.07822024504703494
adc_wavelet-HHL_gldm_SmallDependenceHighGrayLevelEmphasis,0.07810341817720354
hbv_wavelet-HHL_firstorder_Median,0.07808437722121235
adc_original_firstorder_Kurtosis,0.07765973557926872
adc_log-sigma-5-0-mm-3D_ngtdm_Contrast,0.07763280658021587
adc_wavelet-HHH_glcm_Correlation,0.07759507255023258
hbv_log-sigma-3-0-mm-3D_firstorder_Uniformity,0.07742439811989875
adc_wavelet-LLH_firstorder_RootMeanSquared,0.07734539691574402
hbv_log-sigma-3-0-mm-3D_gldm_DependenceEntropy,0.07705877393754039
t2w_log-sigma-3-0-mm-3D_glszm_SizeZoneNonUniformity,0.0770177145807572
hbv_wavelet-LHL_glcm_ClusterProminence,0.07691174790209354
hbv_log-sigma-3-0-mm-3D_glcm_Autocorrelation,0.07686177009242054
adc_wavelet-LHL_firstorder_90Percentile,0.07679976295021794
hbv_log-sigma-3-0-mm-3D_glcm_Imc1,0.07625579971043658
hbv_original_firstorder_Maximum,0.07599891183193785
adc_wavelet-HHL_firstorder_Uniformity,0.07574416271021235
adc_wavelet-LLH_firstorder_Median,0.07529242162517406
t2w_log-sigma-5-0-mm-3D_glszm_HighGrayLevelZoneEmphasis,0.07528287977580134
t2w_original_glszm_LargeAreaHighGrayLevelEmphasis,0.0752531947487032
t2w_wavelet-LLL_gldm_LargeDependenceLowGrayLevelEmphasis,0.07524330436214108
adc_wavelet-HLL_firstorder_Skewness,0.07489303068311125
t2w_original_ngtdm_Busyness,0.07487304706988769
adc_original_shape_MajorAxisLength,0.0746551713835108
adc_wavelet-HHL_ngtdm_Strength,0.07437894083578822
t2w_log-sigma-3-0-mm-3D_glszm_GrayLevelVariance,0.07424027228189357
t2w_original_glszm_ZoneEntropy,0.07407741837856714
adc_wavelet-HHH_glrlm_LongRunLowGrayLevelEmphasis,0.07383472595073849
adc_wavelet-HLH_gldm_SmallDependenceHighGrayLevelEmphasis,0.07373552332616871
hbv_wavelet-LLL_glszm_LowGrayLevelZoneEmphasis,0.07335362762700207
adc_log-sigma-3-0-mm-3D_glcm_ClusterProminence,0.07325236753929516
adc_log-sigma-3-0-mm-3D_firstorder_Maximum,0.07291734981350019
hbv_wavelet-LHH_glcm_Autocorrelation,0.07285260250942285
adc_wavelet-HHL_glcm_ClusterProminence,0.07276836031193742
t2w_wavelet-LHL_firstorder_Maximum,0.07203149945068284
adc_log-sigma-5-0-mm-3D_glcm_Correlation,0.07191375605588735
adc_wavelet-HHL_firstorder_Variance,0.07188619688019461
adc_log-sigma-3-0-mm-3D_glszm_LargeAreaHighGrayLevelEmphasis,0.07181234961610794
adc_log-sigma-3-0-mm-3D_glcm_Correlation,0.07121691675087867
adc_log-sigma-3-0-mm-3D_glszm_LargeAreaEmphasis,0.07114639245248339
hbv_wavelet-HHL_glcm_Correlation,0.07095599764801358
adc_wavelet-LLL_ngtdm_Contrast,0.0708401045157842
hbv_original_glszm_LargeAreaHighGrayLevelEmphasis,0.07063220981063102
t2w_wavelet-HHH_firstorder_Median,0.0704822274790069
hbv_original_glcm_Idm,0.07018058453375368
t2w_wavelet-HLH_firstorder_Kurtosis,0.06999739592690023
adc_wavelet-HHL_firstorder_RootMeanSquared,0.06985453584710237
hbv_original_gldm_SmallDependenceLowGrayLevelEmphasis,0.06977116353152545
adc_original_firstorder_Energy,0.06964938000352226
t2w_wavelet-HHH_gldm_LargeDependenceHighGrayLevelEmphasis,0.06939124211821482
t2w_wavelet-LHL_gldm_DependenceEntropy,0.0693004933112956
t2w_wavelet-HHL_firstorder_Maximum,0.06907531354297167
hbv_wavelet-LLH_ngtdm_Strength,0.06885740530711695
adc_wavelet-LLH_glszm_ZoneEntropy,0.06876142032891465
t2w_wavelet-HHH_ngtdm_Complexity,0.06868148257890405
hbv_original_ngtdm_Complexity,0.06853662386016354
hbv_log-sigma-5-0-mm-3D_ngtdm_Busyness,0.06851510471562616
t2w_wavelet-LHH_ngtdm_Strength,0.06824351990161077
hbv_wavelet-LLH_glcm_JointEnergy,0.06809305612822503
adc_wavelet-HHL_glszm_GrayLevelVariance,0.06796929500957688
t2w_wavelet-LHH_glcm_ClusterShade,0.06770043804281324
hbv_wavelet-HLH_ngtdm_Strength,0.06768039088834553
adc_wavelet-LHH_firstorder_RootMeanSquared,0.06761364374622886
adc_wavelet-HLL_ngtdm_Busyness,0.06728149674218412
adc_log-sigma-5-0-mm-3D_glszm_LargeAreaHighGrayLevelEmphasis,0.06681870424842581
hbv_wavelet-HHH_glszm_LowGrayLevelZoneEmphasis,0.0664544586624732
hbv_wavelet-HHL_firstorder_Maximum,0.06615418051944323
adc_log-sigma-5-0-mm-3D_firstorder_InterquartileRange,0.0658817586496165
hbv_wavelet-HHH_glcm_Idn,0.06587530271224558
t2w_log-sigma-3-0-mm-3D_firstorder_Mean,0.0655014358645868
adc_wavelet-LHL_firstorder_Maximum,0.06530213965652021
t2w_log-sigma-5-0-mm-3D_ngtdm_Contrast,0.06510896898668464
adc_original_glcm_Autocorrelation,0.06462621733801606
adc_log-sigma-3-0-mm-3D_firstorder_Entropy,0.0646250600911982
hbv_wavelet-LLL_gldm_DependenceVariance,0.06454761257238567
t2w_original_ngtdm_Contrast,0.06437831735246406
adc_wavelet-HLH_firstorder_RootMeanSquared,0.06414639931030865
hbv_original_firstorder_Variance,0.06414481537247342
adc_wavelet-LLL_firstorder_Kurtosis,0.06396342251522905
adc_original_ngtdm_Strength,0.0637462878811034
t2w_wavelet-LHL_glszm_ZoneEntropy,0.06371347289503342
t2w_wavelet-HHH_glcm_ClusterProminence,0.06341511680219558
hbv_original_firstorder_Energy,0.06324304782149882
adc_original_glcm_Idn,0.06255600329191525
hbv_log-sigma-3-0-mm-3D_gldm_SmallDependenceLowGrayLevelEmphasis,0.06242165354992224
adc_wavelet-HHL_firstorder_Mean,0.06219173444071672
t2w_wavelet-HLL_ngtdm_Busyness,0.06204298349933473
t2w_wavelet-HHH_glszm_SizeZoneNonUniformityNormalized,0.06158555864979747
t2w_wavelet-HLH_glszm_LargeAreaHighGrayLevelEmphasis,0.061322121211279786
adc_wavelet-HLL_glszm_SizeZoneNonUniformityNormalized,0.061312751477157916
t2w_wavelet-LHL_glszm_LargeAreaHighGrayLevelEmphasis,0.06123711762160868
adc_wavelet-HHH_firstorder_Uniformity,0.06095528560881883
adc_wavelet-HLH_glrlm_LongRunLowGrayLevelEmphasis,0.06081367196766371
adc_log-sigma-5-0-mm-3D_glszm_SmallAreaLowGrayLevelEmphasis,0.06079280966266473
adc_wavelet-HHL_gldm_LargeDependenceHighGrayLevelEmphasis,0.060761352370101676
t2w_log-sigma-5-0-mm-3D_gldm_DependenceVariance,0.06070566819656133
hbv_wavelet-LHL_firstorder_Kurtosis,0.060705102505575224
adc_wavelet-LHH_gldm_LargeDependenceHighGrayLevelEmphasis,0.06050307606881439
t2w_wavelet-LHH_glszm_LargeAreaLowGrayLevelEmphasis,0.06046973241169139
hbv_log-sigma-3-0-mm-3D_ngtdm_Contrast,0.06033378685254183
adc_wavelet-HHH_glszm_GrayLevelVariance,0.06033110096052512
hbv_wavelet-LHL_firstorder_RootMeanSquared,0.06026152102645716
t2w_wavelet-LLH_ngtdm_Complexity,0.0601871252384452
t2w_wavelet-LHL_firstorder_90Percentile,0.059789545634362964
adc_original_firstorder_Maximum,0.05976078653763212
hbv_wavelet-LLH_glcm_Correlation,0.059647540995973886
adc_wavelet-HHH_firstorder_Maximum,0.05932545701195154
adc_log-sigma-3-0-mm-3D_firstorder_90Percentile,0.05929992861772408
hbv_log-sigma-3-0-mm-3D_gldm_DependenceNonUniformity,0.059213822192145854
hbv_wavelet-HLL_glrlm_LongRunLowGrayLevelEmphasis,0.05913947778223421
hbv_wavelet-HLH_glcm_Idmn,0.05913601162925623
t2w_log-sigma-3-0-mm-3D_ngtdm_Complexity,0.05900483698442838
t2w_wavelet-LHH_glcm_ClusterProminence,0.058995795624304466
t2w_wavelet-LLH_glszm_LargeAreaHighGrayLevelEmphasis,0.05873040173895193
adc_log-sigma-5-0-mm-3D_glcm_ClusterProminence,0.05865766053341486
hbv_log-sigma-5-0-mm-3D_glrlm_ShortRunLowGrayLevelEmphasis,0.0582947540095256
hbv_original_glszm_LargeAreaLowGrayLevelEmphasis,0.05805477273808928
adc_wavelet-HHH_firstorder_Mean,0.05795547527775995
hbv_wavelet-HLL_ngtdm_Busyness,0.057885983974286785
t2w_wavelet-HHH_firstorder_Mean,0.057470376573487754
adc_log-sigma-5-0-mm-3D_ngtdm_Busyness,0.05741035304465683
hbv_original_gldm_DependenceEntropy,0.057362093536689425
adc_wavelet-HLL_glszm_LargeAreaHighGrayLevelEmphasis,0.057274938284311336
hbv_wavelet-HHL_firstorder_Skewness,0.05671796521993073
t2w_original_glcm_Idm,0.056684945190351874
t2w_wavelet-LLL_glszm_LargeAreaLowGrayLevelEmphasis,0.05664558517338498
hbv_wavelet-LHL_glszm_ZoneEntropy,0.05661741803470767
adc_wavelet-LHH_firstorder_Mean,0.056310180437047344
hbv_wavelet-LLL_firstorder_Kurtosis,0.056191234765084995
t2w_wavelet-LLL_ngtdm_Complexity,0.05577583101444933
hbv_log-sigma-5-0-mm-3D_glszm_LargeAreaHighGrayLevelEmphasis,0.05556891362736546
t2w_log-sigma-5-0-mm-3D_glcm_Imc2,0.055491296630130214
t2w_wavelet-LLH_firstorder_90Percentile,0.05510992064691445
hbv_original_glcm_JointEnergy,0.0545575096723691
t2w_log-sigma-3-0-mm-3D_glrlm_LongRunLowGrayLevelEmphasis,0.054543505870724575
hbv_wavelet-LLL_glszm_LargeAreaHighGrayLevelEmphasis,0.05450713246624306
t2w_original_glcm_Autocorrelation,0.054360894823166084
t2w_log-sigma-5-0-mm-3D_glszm_LargeAreaLowGrayLevelEmphasis,0.05415951752802559
adc_original_glszm_LowGrayLevelZoneEmphasis,0.05415950618280997
adc_original_firstorder_InterquartileRange,0.053864403326996546
adc_wavelet-HLL_glszm_LargeAreaEmphasis,0.05369669573330201
t2w_wavelet-HHL_glrlm_LongRunLowGrayLevelEmphasis,0.05360737522065686
t2w_wavelet-LHL_ngtdm_Strength,0.053538513887678614
t2w_wavelet-HHH_gldm_DependenceEntropy,0.05316413452739321
adc_wavelet-LLH_gldm_LargeDependenceHighGrayLevelEmphasis,0.052766997269168725
adc_wavelet-LLL_ngtdm_Busyness,0.05228425846991602
t2w_wavelet-LLL_ngtdm_Strength,0.052257086665339667
adc_wavelet-LHL_gldm_LargeDependenceLowGrayLevelEmphasis,0.052237320487271845
t2w_log-sigma-5-0-mm-3D_glcm_Contrast,0.05208039337244607
hbv_wavelet-LLH_firstorder_Maximum,0.05202449896628141
hbv_original_firstorder_Entropy,0.051956447867299554
adc_log-sigma-3-0-mm-3D_gldm_LargeDependenceLowGrayLevelEmphasis,0.051899725443430515
t2w_wavelet-LLH_firstorder_Variance,0.05174029093584237
hbv_wavelet-LHL_glcm_Correlation,0.05172454767679622
t2w_wavelet-LHL_glcm_ClusterProminence,0.05171442616280444
t2w_log-sigma-5-0-mm-3D_glszm_ZoneEntropy,0.0516019938656982
t2w_wavelet-LHH_firstorder_Skewness,0.0512828637385981
hbv_original_glszm_ZoneEntropy,0.051186482675285416
hbv_wavelet-HLL_glrlm_LowGrayLevelRunEmphasis,0.050937130145532736
t2w_wavelet-LLL_glcm_Autocorrelation,0.050702380395038014
adc_wavelet-LHL_ngtdm_Strength,0.05026811159194892
adc_wavelet-HLH_gldm_SmallDependenceLowGrayLevelEmphasis,0.05012696325468299
hbv_wavelet-HHH_firstorder_Maximum,0.05009783722492613
adc_wavelet-LHH_firstorder_Kurtosis,0.04986793289768949
adc_wavelet-LHL_glrlm_GrayLevelNonUniformity,0.049860931602745476
adc_wavelet-LHH_firstorder_Uniformity,0.049786850140983004
t2w_log-sigma-3-0-mm-3D_glcm_Contrast,0.04968079634040078
adc_wavelet-HLH_glszm_LargeAreaLowGrayLevelEmphasis,0.04965420054371802
adc_wavelet-HLH_gldm_LargeDependenceHighGrayLevelEmphasis,0.04939945392970595
t2w_wavelet-LLH_glrlm_LongRunLowGrayLevelEmphasis,0.04937425388538402
adc_wavelet-HLH_ngtdm_Complexity,0.049090605972896655
adc_wavelet-LHL_glszm_LargeAreaHighGrayLevelEmphasis,0.04892932645632688
hbv_wavelet-HHH_glszm_SmallAreaLowGrayLevelEmphasis,0.04886415662987542
t2w_wavelet-HHH_glcm_ClusterShade,0.04878494378374971
adc_log-sigma-5-0-mm-3D_glrlm_LongRunLowGrayLevelEmphasis,0.048698861360592004
t2w_wavelet-HLH_gldm_SmallDependenceLowGrayLevelEmphasis,0.04852961318446964
hbv_wavelet-LHH_glcm_ClusterProminence,0.048092477282322424
adc_wavelet-HHH_ngtdm_Strength,0.0479929395264485
adc_wavelet-HLH_glszm_SizeZoneNonUniformity,0.04763331652936295
hbv_original_firstorder_90Percentile,0.047383964917619946
adc_original_firstorder_Entropy,0.04718528930992217
t2w_original_glszm_LargeAreaEmphasis,0.0471814214190998
adc_wavelet-HHL_glrlm_LongRunLowGrayLevelEmphasis,0.046813137341248715
adc_original_glcm_Contrast,0.046667869040729976
hbv_wavelet-LLL_ngtdm_Strength,0.04650388971344682
t2w_log-sigma-3-0-mm-3D_firstorder_InterquartileRange,0.04629622027768763
adc_log-sigma-3-0-mm-3D_firstorder_Kurtosis,0.046166079087770054
t2w_wavelet-LHL_firstorder_Range,0.045856719242838524
hbv_wavelet-LHH_glcm_JointEnergy,0.045804420870573154
hbv_original_glcm_SumEntropy,0.045433349367472814
adc_wavelet-HHH_ngtdm_Busyness,0.04530152848518104
hbv_wavelet-LLH_glcm_Idmn,0.04518025855467415
adc_wavelet-LLH_glcm_ClusterProminence,0.04517387674902686
t2w_wavelet-LLH_firstorder_Mean,0.04468626774811198
hbv_log-sigma-3-0-mm-3D_firstorder_Kurtosis,0.04468148706193284
adc_log-sigma-3-0-mm-3D_glcm_Idmn,0.04447467529940091
t2w_wavelet-HLH_glcm_ClusterShade,0.044383666174890306
t2w_wavelet-LLL_firstorder_Range,0.04400667069152132
hbv_wavelet-LHL_firstorder_Mean,0.043924800468697685
hbv_wavelet-HLL_firstorder_Uniformity,0.043806325726390774
adc_original_glrlm_GrayLevelNonUniformity,0.043566745200077805
adc_wavelet-LLH_gldm_DependenceEntropy,0.043558334361481384
adc_wavelet-HLL_firstorder_Maximum,0.04332658455363864
t2w_wavelet-HHH_firstorder_Range,0.04327230959020153
t2w_log-sigma-3-0-mm-3D_glcm_ClusterProminence,0.043111212273297284
adc_wavelet-HHL_glcm_Correlation,0.04300479630421689
adc_original_shape_Elongation,0.04290018736303215
t2w_wavelet-HLH_glszm_SizeZoneNonUniformityNormalized,0.04238205788168897
hbv_original_glcm_ClusterShade,0.042065155046459954
t2w_wavelet-HHL_gldm_SmallDependenceLowGrayLevelEmphasis,0.04186588979722934
t2w_wavelet-HLH_gldm_LargeDependenceLowGrayLevelEmphasis,0.041786984445281124
adc_wavelet-LHL_gldm_SmallDependenceLowGrayLevelEmphasis,0.04172023385278339
t2w_log-sigma-3-0-mm-3D_firstorder_Kurtosis,0.041544726338273774
hbv_log-sigma-5-0-mm-3D_firstorder_Kurtosis,0.041368066753555775
hbv_wavelet-HLL_glcm_Idmn,0.04130491520479578
hbv_original_glcm_ClusterProminence,0.04099455512418011
t2w_wavelet-HHL_gldm_LargeDependenceLowGrayLevelEmphasis,0.040663343744902616
t2w_wavelet-LHH_firstorder_Range,0.04032029884572403
adc_log-sigma-5-0-mm-3D_gldm_SmallDependenceLowGrayLevelEmphasis,0.04021408036552072
adc_wavelet-HHH_glszm_SizeZoneNonUniformity,0.04013852928100603
adc_wavelet-HLH_firstorder_Median,0.0400697684012216
hbv_wavelet-HLL_glszm_LargeAreaHighGrayLevelEmphasis,0.039926535237572065
adc_original_shape_Maximum2DDiameterSlice,0.03968468463925873
adc_log-sigma-3-0-mm-3D_firstorder_Skewness,0.03959206873246538
t2w_wavelet-HHH_ngtdm_Busyness,0.039583706294272124
t2w_log-sigma-5-0-mm-3D_glrlm_LongRunLowGrayLevelEmphasis,0.03948775121727727
t2w_wavelet-HLH_firstorder_Median,0.0394542666811202
adc_wavelet-LLH_firstorder_Range,0.03939551607740838
t2w_log-sigma-5-0-mm-3D_firstorder_Kurtosis,0.03932773515663504
adc_wavelet-LHL_firstorder_Range,0.03918552017656302
t2w_original_glcm_Correlation,0.0390768126034993
t2w_wavelet-LHH_firstorder_Mean,0.03883875123257363
hbv_wavelet-LHL_glcm_Autocorrelation,0.03879259959041609
hbv_wavelet-LLL_glrlm_LongRunLowGrayLevelEmphasis,0.03874573249593232
t2w_original_firstorder_10Percentile,0.038693980097931936
t2w_wavelet-LLH_glszm_SizeZoneNonUniformityNormalized,0.03861784001535703
t2w_wavelet-HLL_firstorder_90Percentile,0.038550420729322875
t2w_wavelet-LLH_glszm_ZoneEntropy,0.038540078099739576
adc_wavelet-LHH_gldm_SmallDependenceLowGrayLevelEmphasis,0.03800511418618924
adc_wavelet-HHL_glszm_SizeZoneNonUniformity,0.03795314613743964
hbv_wavelet-LHL_firstorder_Maximum,0.03786807791830335
hbv_wavelet-HHH_glcm_Correlation,0.037863546556036604
adc_wavelet-LHL_firstorder_RootMeanSquared,0.03746605997532397
adc_wavelet-LLL_glszm_LargeAreaHighGrayLevelEmphasis,0.03744213707890507
t2w_log-sigma-3-0-mm-3D_ngtdm_Busyness,0.03735157856420325
t2w_wavelet-HLH_ngtdm_Complexity,0.037267859427399484
adc_original_glszm_LargeAreaHighGrayLevelEmphasis,0.03713305819429113
t2w_wavelet-HHH_glszm_LargeAreaLowGrayLevelEmphasis,0.0368132802661792
hbv_original_glcm_Imc2,0.03678382323354837
t2w_log-sigma-5-0-mm-3D_firstorder_Entropy,0.03657086385947006
t2w_wavelet-LHH_ngtdm_Busyness,0.03641695140919403
t2w_log-sigma-3-0-mm-3D_glszm_LargeAreaHighGrayLevelEmphasis,0.036406313442173856
hbv_wavelet-HLH_firstorder_RootMeanSquared,0.036279501829281156
adc_wavelet-LHH_glcm_Correlation,0.03624209896386454
hbv_log-sigma-3-0-mm-3D_glszm_SizeZoneNonUniformity,0.036050808444417805
hbv_wavelet-LLL_glcm_MaximumProbability,0.03575750397040341
t2w_wavelet-HHL_firstorder_Median,0.03542042333861945
hbv_log-sigma-3-0-mm-3D_ngtdm_Strength,0.03528059279880272
hbv_wavelet-LLH_glrlm_GrayLevelNonUniformity,0.035073831946870936
t2w_original_glszm_SizeZoneNonUniformityNormalized,0.03504353037702515
t2w_original_glcm_JointEnergy,0.035041747478006265
t2w_wavelet-LLL_glcm_JointEntropy,0.03491758226736051
t2w_wavelet-LHL_firstorder_Kurtosis,0.03440207727148774
t2w_wavelet-LLH_glszm_LargeAreaEmphasis,0.03438173242787685
t2w_log-sigma-3-0-mm-3D_gldm_LargeDependenceHighGrayLevelEmphasis,0.03398197938125702
adc_wavelet-HHL_firstorder_Maximum,0.033947771843069144
t2w_log-sigma-5-0-mm-3D_glszm_LargeAreaHighGrayLevelEmphasis,0.033920789041246395
hbv_wavelet-HLL_glcm_ClusterProminence,0.03342077004389209
hbv_wavelet-LHL_glszm_LargeAreaEmphasis,0.033264056099648234
t2w_original_ngtdm_Complexity,0.03321222456202114
adc_wavelet-HLH_firstorder_Kurtosis,0.033131681429084806
t2w_log-sigma-3-0-mm-3D_gldm_DependenceEntropy,0.03309427168630484
t2w_original_ngtdm_Strength,0.03282681843685145
t2w_wavelet-HLL_glszm_ZoneEntropy,0.032750995199481964
t2w_wavelet-LHH_glszm_SizeZoneNonUniformityNormalized,0.032709955637553134
hbv_wavelet-LHH_glcm_Correlation,0.03266628362659802
t2w_wavelet-LHH_firstorder_Maximum,0.032416070006102235
t2w_log-sigma-5-0-mm-3D_firstorder_InterquartileRange,0.03188317155870475
adc_wavelet-LLL_firstorder_Minimum,0.0317106666618699
adc_wavelet-LLH_glszm_LargeAreaEmphasis,0.03166368478139381
adc_log-sigma-5-0-mm-3D_glszm_GrayLevelNonUniformity,0.03147270944188379
t2w_log-sigma-3-0-mm-3D_glszm_LargeAreaLowGrayLevelEmphasis,0.03127454009683319
adc_wavelet-HHL_ngtdm_Complexity,0.031190549454091655
adc_original_shape_MinorAxisLength,0.031033935017677594
adc_original_shape_Maximum2DDiameterColumn,0.03095333263203497
hbv_wavelet-HHH_firstorder_Kurtosis,0.03094685629329555
adc_wavelet-HHL_glcm_ClusterShade,0.030917575191814296
hbv_log-sigma-3-0-mm-3D_glszm_LargeAreaHighGrayLevelEmphasis,0.03090319105887874
hbv_wavelet-LLH_ngtdm_Busyness,0.030886088915772873
hbv_wavelet-HHL_glcm_ClusterProminence,0.030865062615479527
t2w_original_firstorder_Kurtosis,0.030858272768137664
adc_wavelet-HLH_firstorder_Mean,0.03047023312383812
hbv_wavelet-LHH_glszm_LargeAreaHighGrayLevelEmphasis,0.03010486814407708
adc_wavelet-HHH_gldm_DependenceVariance,0.02995388762787514
adc_wavelet-LLH_gldm_SmallDependenceLowGrayLevelEmphasis,0.029817393753653797
t2w_original_glszm_LargeAreaLowGrayLevelEmphasis,0.029811575601810494
adc_log-sigma-5-0-mm-3D_firstorder_Skewness,0.0297725769884681
t2w_original_glcm_ClusterShade,0.02964856188580669
hbv_wavelet-HHL_firstorder_RootMeanSquared,0.029511844505864394
hbv_log-sigma-5-0-mm-3D_gldm_LargeDependenceHighGrayLevelEmphasis,0.02939390742076057
t2w_wavelet-LHH_glcm_Correlation,0.029371717891264477
hbv_wavelet-HHL_glrlm_LowGrayLevelRunEmphasis,0.029143143788157362
hbv_wavelet-HLL_gldm_LargeDependenceHighGrayLevelEmphasis,0.029099044943438644
hbv_wavelet-HHL_glszm_LowGrayLevelZoneEmphasis,0.029024908266291664
adc_wavelet-LHL_gldm_DependenceEntropy,0.028984705732155322
adc_log-sigma-5-0-mm-3D_gldm_DependenceEntropy,0.02884490432934163
hbv_wavelet-HLH_glcm_Autocorrelation,0.028806841658102333
hbv_wavelet-HLL_glcm_Autocorrelation,0.028502024376828233
hbv_wavelet-LHL_gldm_LargeDependenceHighGrayLevelEmphasis,0.02797798014734175
t2w_wavelet-HHL_glszm_LargeAreaEmphasis,0.027581835034838992
adc_original_shape_Maximum2DDiameterRow,0.027391040100387874
t2w_wavelet-HHL_ngtdm_Complexity,0.027255360785107253
adc_log-sigma-3-0-mm-3D_glszm_LargeAreaLowGrayLevelEmphasis,0.027110660516557937
adc_wavelet-LHH_ngtdm_Complexity,0.027098737920349773
hbv_wavelet-HLH_gldm_SmallDependenceHighGrayLevelEmphasis,0.0270206990423473
hbv_log-sigma-3-0-mm-3D_firstorder_Maximum,0.02673269445392154
hbv_log-sigma-5-0-mm-3D_gldm_DependenceEntropy,0.026669890871629475
t2w_wavelet-HLH_firstorder_Mean,0.026453324194580373
t2w_log-sigma-5-0-mm-3D_glszm_GrayLevelNonUniformity,0.02642230215350314
t2w_log-sigma-5-0-mm-3D_ngtdm_Busyness,0.026273421593897707
hbv_wavelet-LHL_ngtdm_Busyness,0.026067943948961555
hbv_original_firstorder_Skewness,0.025951155128459497
t2w_original_firstorder_Mean,0.025797899850538812
adc_wavelet-HHH_glcm_ClusterProminence,0.02562834156833895
adc_log-sigma-5-0-mm-3D_glszm_SizeZoneNonUniformity,0.025610365282729107
t2w_original_firstorder_Energy,0.025570757690044108
t2w_wavelet-HHH_firstorder_Kurtosis,0.02553583101203207
t2w_wavelet-HLL_ngtdm_Complexity,0.025468157087778602
t2w_log-sigma-3-0-mm-3D_gldm_LargeDependenceLowGrayLevelEmphasis,0.02532122836510809
t2w_log-sigma-5-0-mm-3D_glrlm_RunEntropy,0.02522624248812863
t2w_wavelet-HLL_glcm_Correlation,0.025112305597088526
adc_wavelet-HLH_ngtdm_Busyness,0.025004006796559813
adc_wavelet-LLL_glszm_LargeAreaLowGrayLevelEmphasis,0.02496493875758652
adc_wavelet-HHH_firstorder_Kurtosis,0.024917320169548084
adc_original_glszm_LargeAreaLowGrayLevelEmphasis,0.02484906529843385
adc_wavelet-LHH_glszm_LargeAreaLowGrayLevelEmphasis,0.024677433408257524
adc_wavelet-HHL_firstorder_Kurtosis,0.024621167890480446
adc_wavelet-LHH_glszm_LargeAreaEmphasis,0.024618341621273573
t2w_wavelet-LHH_gldm_DependenceEntropy,0.02454699557568249
adc_wavelet-LLH_gldm_LargeDependenceLowGrayLevelEmphasis,0.024539106671023103
t2w_wavelet-LHH_glszm_LargeAreaHighGrayLevelEmphasis,0.024505897446677572
adc_wavelet-LHL_glszm_LargeAreaEmphasis,0.024440707965754933
adc_original_shape_Flatness,0.02437722277204454
t2w_wavelet-HHL_glszm_LargeAreaLowGrayLevelEmphasis,0.024278248209275245
t2w_wavelet-HLL_glcm_ClusterShade,0.024098264930104894
t2w_log-sigma-3-0-mm-3D_firstorder_Range,0.024056675678842596
adc_wavelet-HHH_glszm_LargeAreaHighGrayLevelEmphasis,0.024051906251877617
t2w_wavelet-LHH_gldm_SmallDependenceLowGrayLevelEmphasis,0.023908748318109862
t2w_wavelet-LHL_glszm_LargeAreaLowGrayLevelEmphasis,0.023869225904442615
hbv_log-sigma-3-0-mm-3D_glrlm_LongRunLowGrayLevelEmphasis,0.023675597248976603
hbv_wavelet-LHH_gldm_LargeDependenceHighGrayLevelEmphasis,0.02364374797676585
hbv_original_ngtdm_Contrast,0.023542451070125057
t2w_wavelet-LHL_ngtdm_Busyness,0.02351937148878492
hbv_wavelet-HHL_glcm_Autocorrelation,0.023505357508395476
t2w_wavelet-LLL_ngtdm_Busyness,0.023383899976145362
t2w_wavelet-LHH_gldm_LargeDependenceLowGrayLevelEmphasis,0.023059895409710783
t2w_wavelet-HHL_firstorder_Kurtosis,0.022926067366815704
hbv_original_gldm_DependenceNonUniformity,0.02291874782224666
hbv_log-sigma-3-0-mm-3D_glszm_GrayLevelNonUniformity,0.022903701972734076
hbv_log-sigma-3-0-mm-3D_glszm_SmallAreaLowGrayLevelEmphasis,0.022797862505602506
t2w_wavelet-HHH_glcm_Correlation,0.022786778939702053
t2w_wavelet-HLL_gldm_DependenceEntropy,0.022478842833159964
hbv_original_firstorder_Kurtosis,0.02235904465642822
adc_wavelet-HHL_glszm_LargeAreaLowGrayLevelEmphasis,0.02225614144589224
t2w_log-sigma-5-0-mm-3D_gldm_SmallDependenceLowGrayLevelEmphasis,0.02220103646284818
hbv_wavelet-LLL_gldm_LargeDependenceLowGrayLevelEmphasis,0.022189499449377852
t2w_wavelet-HHL_glszm_LargeAreaHighGrayLevelEmphasis,0.022086737132402987
t2w_wavelet-LHL_gldm_LargeDependenceHighGrayLevelEmphasis,0.021904411263595644
adc_wavelet-LLH_glszm_LargeAreaLowGrayLevelEmphasis,0.021901923216808093
t2w_wavelet-LLH_glszm_LargeAreaLowGrayLevelEmphasis,0.021795484699266985
t2w_log-sigma-5-0-mm-3D_firstorder_Median,0.021776956442574866
t2w_wavelet-HLL_firstorder_Maximum,0.021753493946548918
adc_wavelet-LLL_glszm_LargeAreaEmphasis,0.02166671937524173
hbv_wavelet-LLH_glcm_Autocorrelation,0.021661922101774082
adc_wavelet-HLL_glrlm_LongRunLowGrayLevelEmphasis,0.021634335489169407
adc_wavelet-LLL_glcm_Correlation,0.021581422268868198
t2w_wavelet-LLH_glcm_Idmn,0.021061613694570217
adc_wavelet-HLH_glcm_ClusterProminence,0.020818241005871527
t2w_wavelet-HLL_glszm_LargeAreaEmphasis,0.02068595537308185
adc_wavelet-LHH_ngtdm_Busyness,0.020673013101038147
hbv_original_firstorder_InterquartileRange,0.020672626960942082
adc_wavelet-HHH_glszm_LargeAreaLowGrayLevelEmphasis,0.020646881845613384
t2w_wavelet-HLL_glcm_ClusterProminence,0.02063046623456116
adc_wavelet-HHH_gldm_LargeDependenceHighGrayLevelEmphasis,0.020624566839354833
hbv_wavelet-LHH_glszm_LargeAreaEmphasis,0.020360609147097395
t2w_wavelet-HHL_firstorder_Range,0.020303410646575835
adc_original_gldm_DependenceEntropy,0.020225145663929255
adc_wavelet-LHH_firstorder_Maximum,0.019972017129590583
adc_original_glszm_SmallAreaLowGrayLevelEmphasis,0.019713696607693166
t2w_original_firstorder_Maximum,0.019520457989570254
t2w_original_firstorder_Range,0.01938279920642769
hbv_wavelet-LHL_glszm_LargeAreaHighGrayLevelEmphasis,0.019377275344592826
hbv_wavelet-HHH_glszm_SizeZoneNonUniformityNormalized,0.019351841394089516
t2w_wavelet-LHL_gldm_LargeDependenceLowGrayLevelEmphasis,0.018892618892114875
adc_wavelet-HLH_firstorder_Maximum,0.018843103892799765
t2w_log-sigma-5-0-mm-3D_ngtdm_Strength,0.018815310474153753
adc_wavelet-HHL_ngtdm_Busyness,0.018721383085092542
adc_log-sigma-3-0-mm-3D_ngtdm_Busyness,0.01861511961908383
adc_wavelet-LHH_glrlm_LongRunLowGrayLevelEmphasis,0.018316437973290554
hbv_wavelet-HLL_glszm_SizeZoneNonUniformity,0.01826197325568427
hbv_wavelet-HHH_glcm_ClusterProminence,0.01825908508977068
adc_original_glrlm_LowGrayLevelRunEmphasis,0.01814461455304552
adc_wavelet-HHH_glszm_LargeAreaEmphasis,0.018093778658742107
t2w_wavelet-LLL_firstorder_Kurtosis,0.017960516149337646
adc_wavelet-LLH_firstorder_Maximum,0.017863320601529984
hbv_original_glszm_SizeZoneNonUniformity,0.017861958379990574
t2w_wavelet-LLH_firstorder_Range,0.017802032906297123
hbv_original_glcm_MaximumProbability,0.01778059284554587
t2w_wavelet-HLL_firstorder_Skewness,0.017777627948639806
adc_original_glcm_MaximumProbability,0.017580952149696603
hbv_original_glszm_LowGrayLevelZoneEmphasis,0.017442270258467254
t2w_original_firstorder_InterquartileRange,0.017421259753760424
adc_original_gldm_SmallDependenceLowGrayLevelEmphasis,0.017363779963262087
hbv_original_ngtdm_Busyness,0.017222851801894062
t2w_original_glcm_MaximumProbability,0.017219233543855933
hbv_log-sigma-5-0-mm-3D_glrlm_LowGrayLevelRunEmphasis,0.01721201925597511
t2w_original_gldm_DependenceEntropy,0.016604884835776178
t2w_log-sigma-3-0-mm-3D_firstorder_Median,0.016558139293994707
adc_wavelet-HHL_glcm_Idmn,0.016526211529027175
adc_wavelet-LLL_glcm_Idmn,0.01643959484514653
t2w_log-sigma-5-0-mm-3D_glszm_LowGrayLevelZoneEmphasis,0.016078168485026977
t2w_wavelet-LHL_ngtdm_Complexity,0.016041742988646187
t2w_wavelet-LLL_firstorder_Skewness,0.016009315744670304
t2w_wavelet-LLH_gldm_LargeDependenceLowGrayLevelEmphasis,0.01596995786741352
t2w_wavelet-HHH_glszm_LargeAreaHighGrayLevelEmphasis,0.015964899772452742
adc_wavelet-HHH_ngtdm_Complexity,0.015949140122249884
hbv_log-sigma-5-0-mm-3D_firstorder_Maximum,0.015444438499686701
t2w_wavelet-LHH_firstorder_RootMeanSquared,0.015161468364502072
hbv_wavelet-HLL_firstorder_Maximum,0.015014419813598627
hbv_wavelet-HHL_glszm_SizeZoneNonUniformity,0.01498971715836693
adc_wavelet-HLH_glszm_LargeAreaEmphasis,0.014975319080653724
t2w_wavelet-LHH_glszm_LargeAreaEmphasis,0.014491413992933291
t2w_log-sigma-5-0-mm-3D_gldm_DependenceEntropy,0.014080899615460798
adc_original_glcm_JointEnergy,0.013989029707462419
t2w_original_glrlm_GrayLevelNonUniformity,0.013955737072330276
t2w_wavelet-HLH_gldm_LargeDependenceHighGrayLevelEmphasis,0.013705674979067672
t2w_wavelet-LLL_firstorder_Maximum,0.01350428909970279
adc_wavelet-LLH_glszm_LargeAreaHighGrayLevelEmphasis,0.01341339183447716
t2w_wavelet-HLH_glszm_LargeAreaEmphasis,0.013360957079706049
adc_original_firstorder_Minimum,0.013155202228048692
adc_wavelet-LLH_firstorder_Mean,0.01299659866337071
hbv_wavelet-LLH_firstorder_Uniformity,0.012689725203485932
t2w_wavelet-LHH_firstorder_Median,0.012572518356445272
adc_log-sigma-5-0-mm-3D_glszm_LargeAreaEmphasis,0.01248223190044927
adc_wavelet-HHL_glszm_LargeAreaHighGrayLevelEmphasis,0.012482103826071693
adc_wavelet-LLL_glcm_JointEntropy,0.012433985244701531
adc_wavelet-HLH_glcm_Correlation,0.01222161832299093
t2w_wavelet-LLL_glszm_LargeAreaHighGrayLevelEmphasis,0.01187538689603259
adc_log-sigma-3-0-mm-3D_ngtdm_Strength,0.0118401174974874
adc_wavelet-LHL_glcm_ClusterProminence,0.011787544948401734
t2w_wavelet-HHH_glrlm_LongRunLowGrayLevelEmphasis,0.011780283088505919
hbv_wavelet-HLL_firstorder_Kurtosis,0.011759420578666045
t2w_wavelet-HLL_glszm_LargeAreaHighGrayLevelEmphasis,0.011742580870697676
hbv_wavelet-LHH_glrlm_GrayLevelNonUniformity,0.011528375103227118
adc_wavelet-LLL_glcm_MaximumProbability,0.011427196173874799
adc_wavelet-LHH_glcm_ClusterProminence,0.011343038898209052
hbv_log-sigma-3-0-mm-3D_gldm_LargeDependenceHighGrayLevelEmphasis,0.011262966402664857
hbv_wavelet-HHH_gldm_DependenceVariance,0.011174055181591517
t2w_wavelet-LHH_glrlm_LongRunLowGrayLevelEmphasis,0.010671812302323572
hbv_wavelet-LLH_glszm_SizeZoneNonUniformity,0.010492769849763208
adc_wavelet-HLL_firstorder_Kurtosis,0.010482526288671688
hbv_log-sigma-3-0-mm-3D_glrlm_LowGrayLevelRunEmphasis,0.010417115373455786
hbv_log-sigma-3-0-mm-3D_glcm_JointEnergy,0.010240195871817738
adc_wavelet-HLL_gldm_LargeDependenceLowGrayLevelEmphasis,0.010226170686461783
t2w_wavelet-LHL_glszm_LargeAreaEmphasis,0.010182296028834078
hbv_wavelet-LLH_glcm_ClusterProminence,0.00996761058376579
adc_wavelet-LLH_firstorder_Kurtosis,0.009935472018302617
t2w_wavelet-HLH_glcm_ClusterProminence,0.00988114431645798
t2w_wavelet-HHL_ngtdm_Busyness,0.009858610947034375
hbv_original_glrlm_LongRunEmphasis,0.009502515402863294
hbv_wavelet-LHH_firstorder_Uniformity,0.009490796367047085
hbv_wavelet-LHH_firstorder_Kurtosis,0.008944964576804612
t2w_log-sigma-5-0-mm-3D_glszm_GrayLevelVariance,0.00876665162766345
t2w_wavelet-HLL_firstorder_Kurtosis,0.00871370759580917
adc_wavelet-LHL_glrlm_LongRunLowGrayLevelEmphasis,0.008622939300888761
t2w_log-sigma-5-0-mm-3D_glszm_SizeZoneNonUniformity,0.008519019800754138
t2w_wavelet-LHH_firstorder_Kurtosis,0.008464440619795165
adc_log-sigma-5-0-mm-3D_glszm_SizeZoneNonUniformityNormalized,0.008400390749143507
t2w_wavelet-HHL_glcm_Correlation,0.008205142312170788
t2w_wavelet-HHH_firstorder_Skewness,0.007872613377731342
adc_wavelet-LHL_ngtdm_Complexity,0.007657205635468363
t2w_log-sigma-5-0-mm-3D_glszm_SmallAreaLowGrayLevelEmphasis,0.007379396123683242
adc_log-sigma-5-0-mm-3D_glcm_ClusterShade,0.007062729953794094
t2w_wavelet-LLL_ngtdm_Contrast,0.006970899313819436
adc_original_firstorder_90Percentile,0.006592293101958109
t2w_log-sigma-5-0-mm-3D_gldm_LargeDependenceHighGrayLevelEmphasis,0.006455323582554058
adc_log-sigma-5-0-mm-3D_glszm_LargeAreaLowGrayLevelEmphasis,0.006327390970205853
adc_wavelet-LHH_glszm_LargeAreaHighGrayLevelEmphasis,0.006280953628668869
t2w_wavelet-LLL_firstorder_Energy,0.006190331067031551
hbv_wavelet-HLL_firstorder_RootMeanSquared,0.005971541373669282
hbv_wavelet-LHH_glrlm_LowGrayLevelRunEmphasis,0.005932296824342468
adc_wavelet-LHL_glszm_SizeZoneNonUniformity,0.005761690707664262
t2w_wavelet-LHL_glcm_Correlation,0.005587234252891839
t2w_wavelet-HLH_glszm_LargeAreaLowGrayLevelEmphasis,0.005577804839133248
adc_log-sigma-3-0-mm-3D_glrlm_LongRunLowGrayLevelEmphasis,0.005564643375385479
adc_original_glrlm_LongRunEmphasis,0.005009192498078985
hbv_log-sigma-5-0-mm-3D_glszm_LargeAreaEmphasis,0.004938922780797257
adc_original_ngtdm_Busyness,0.004700876039821898
t2w_wavelet-HLL_firstorder_Mean,0.004680787321164755
adc_wavelet-LHL_ngtdm_Busyness,0.004572572659631622
t2w_wavelet-LLH_glcm_ClusterProminence,0.004423267792105128
adc_log-sigma-3-0-mm-3D_gldm_SmallDependenceLowGrayLevelEmphasis,0.004326196148825111
t2w_wavelet-HHL_firstorder_Skewness,0.004236140194861334
adc_wavelet-LLH_glcm_Correlation,0.004211618075950722
adc_wavelet-HHL_glszm_LargeAreaEmphasis,0.0039959796050422075
adc_wavelet-LLH_glrlm_GrayLevelNonUniformity,0.0039429231285020945
adc_log-sigma-3-0-mm-3D_glszm_SizeZoneNonUniformity,0.0038769162532511963
hbv_wavelet-HHL_ngtdm_Strength,0.003844640650099672
hbv_wavelet-LHH_glrlm_LongRunLowGrayLevelEmphasis,0.0035339851981635497
t2w_wavelet-LLH_glcm_Correlation,0.003530814015746187
hbv_wavelet-HLH_glcm_ClusterProminence,0.003436435452513691
t2w_wavelet-LLH_firstorder_RootMeanSquared,0.00318483988927477
adc_wavelet-HHH_firstorder_RootMeanSquared,0.00298853014781916
t2w_original_firstorder_90Percentile,0.0028444170867503887
t2w_original_glcm_ClusterProminence,0.0026386470802954153
adc_wavelet-LLH_glrlm_LongRunLowGrayLevelEmphasis,0.0026226315018243536
t2w_log-sigma-5-0-mm-3D_glcm_ClusterProminence,0.002593175197243088
hbv_wavelet-HHH_glszm_ZoneVariance,0.002495511446777666
t2w_wavelet-HLH_glrlm_LongRunLowGrayLevelEmphasis,0.002271120783877149
t2w_wavelet-LLL_glcm_MaximumProbability,0.0022488970501022675
t2w_log-sigma-3-0-mm-3D_glszm_LargeAreaEmphasis,0.0022245967028351648
t2w_wavelet-HLH_firstorder_RootMeanSquared,0.0022214305737529574
hbv_original_gldm_LargeDependenceHighGrayLevelEmphasis,0.0021688847811294
hbv_log-sigma-3-0-mm-3D_glszm_LargeAreaEmphasis,0.0017954715948611233
hbv_wavelet-LLH_firstorder_Kurtosis,0.0014108446606487905
t2w_log-sigma-3-0-mm-3D_glcm_MaximumProbability,0.001308725392333497
adc_original_shape_LeastAxisLength,0.001228648165351287
t2w_log-sigma-3-0-mm-3D_glszm_SmallAreaLowGrayLevelEmphasis,0.001036409699239378
hbv_wavelet-LLL_glrlm_LowGrayLevelRunEmphasis,0.000841938148733414
hbv_wavelet-LLH_glszm_LargeAreaHighGrayLevelEmphasis,0.0008408772688717067
t2w_original_gldm_LargeDependenceHighGrayLevelEmphasis,0.0008366090403232284
t2w_wavelet-LHH_ngtdm_Complexity,0.0006753955186196191
adc_original_shape_MeshVolume,0.00011442356541575133
t2w_log-sigma-3-0-mm-3D_gldm_SmallDependenceLowGrayLevelEmphasis,8.124634077293731e-05
hbv_wavelet-HLH_firstorder_Maximum,6.764565736986717e-05
adc_wavelet-HLH_glszm_LargeAreaHighGrayLevelEmphasis,1.5590388364149872e-05
